,mean,std,median
,n_casos,n_casos,n_casos
infeccion,,,
Bronquiolitis en menores de 2 años,11.383019091663702,19.343435751721252,4
Enfermedad tipo influenza (ETI),6.6157417979751845,10.5741527924014,3
Neumonia,2.7474422022497316,3.4950305652921316,2
