,mean,std,median
,n_casos,n_casos,n_casos
provincia,,,
Buenos Aires,6.375679026924893,11.089968784723398,3
CABA,6.6393413280830496,11.153120656998246,3
Catamarca,8.539348370927318,19.206085841293508,3
Chaco,3.7244916321756345,4.617734241641985,2
Cordoba,6.378571428571429,11.183109932196285,3
Corrientes,5.1504109164211505,8.311533637657108,3
